Datei;Vorher;Nachher;Differenz;Typ
lists/network/full/adblock-bypass.txt;0;88;88;Leaf-Erweiterung
lists/network/full/dns-attacks.txt;0;9;9;Leaf-Erweiterung
lists/network/full/dns-bypass.txt;0;312;312;Leaf-Erweiterung
lists/network/full/private-dns.txt;0;102;102;Leaf-Erweiterung
lists/network/full/tor.txt;0;7;7;Leaf-Erweiterung
lists/platforms/mobile/full/google-pixel.txt;0;18;18;Leaf-Erweiterung
lists/platforms/nas-server/full/unraid.txt;0;2;2;Leaf-Erweiterung
lists/platforms/network-devices/full/mikrotik.txt;0;1;1;Leaf-Erweiterung
lists/platforms/network-devices/full/tp-link.txt;0;17;17;Leaf-Erweiterung
lists/platforms/smart-tv/full/google-tv.txt;0;2;2;Leaf-Erweiterung
lists/platforms/streaming/full/apple-tv.txt;0;18;18;Leaf-Erweiterung
lists/platforms/voice-assistants/full/google-assistant.txt;0;3;3;Leaf-Erweiterung
lists/privacy/full/seo-tracking.txt;0;115;115;Leaf-Erweiterung
lists/regional/cn.txt;0;5896;5896;Leaf-Erweiterung
lists/regional/de.txt;0;3304;3304;Leaf-Erweiterung
lists/regional/es.txt;0;1698;1698;Leaf-Erweiterung
lists/regional/eu.txt;0;31996;31996;Leaf-Erweiterung
lists/regional/fr.txt;0;2123;2123;Leaf-Erweiterung
lists/regional/it.txt;0;2307;2307;Leaf-Erweiterung
lists/regional/jp.txt;0;625;625;Leaf-Erweiterung
lists/regional/kr.txt;0;479;479;Leaf-Erweiterung
lists/regional/ru.txt;0;15374;15374;Leaf-Erweiterung
lists/regional/uk.txt;0;7416;7416;Leaf-Erweiterung
lists/regional/us.txt;0;6302;6302;Leaf-Erweiterung
lists/security/full/brand-impersonation.txt;0;53975;53975;Leaf-Erweiterung
lists/security/full/command-control.txt;0;53;53;Leaf-Erweiterung
lists/security/full/cryptocurrency.txt;0;63;63;Leaf-Erweiterung
lists/security/full/dns-security.txt;0;386;386;Leaf-Erweiterung
lists/security/full/exploits.txt;0;38;38;Leaf-Erweiterung
lists/security/full/fake-software.txt;0;229;229;Leaf-Erweiterung
lists/security/full/malvertising.txt;0;51883;51883;Leaf-Erweiterung
lists/security/full/nft.txt;0;1758;1758;Leaf-Erweiterung
lists/security/full/parked-domains.txt;0;25;25;Leaf-Erweiterung
lists/security/full/pup-pua.txt;0;33;33;Leaf-Erweiterung
lists/security/full/scanners.txt;0;143;143;Leaf-Erweiterung
lists/security/full/spam.txt;0;32;32;Leaf-Erweiterung
lists/security/full/suspicious-tlds.txt;0;6490;6490;Leaf-Erweiterung
lists/security/full/typosquatting.txt;0;53975;53975;Leaf-Erweiterung
family/main/ultimate.txt;2346905;2347190;285;Ultimate-Neuberechnung
lists/apps/gaming/main/ultimate.txt;373;378;5;Ultimate-Neuberechnung
lists/apps/social-media/main/ultimate.txt;21588;21588;0;Ultimate-Neuberechnung
lists/automation/main/ultimate.txt;300;300;0;Ultimate-Neuberechnung
lists/ecosystems/main/ultimate.txt;15459;15459;0;Ultimate-Neuberechnung
lists/infrastructure/cloud-development/main/ultimate.txt;1491;1491;0;Ultimate-Neuberechnung
lists/network/main/ultimate.txt;309;945;636;Ultimate-Neuberechnung
lists/platforms/automotive/main/ultimate.txt;665;665;0;Ultimate-Neuberechnung
lists/platforms/iot-smart-home/main/ultimate.txt;85;85;0;Ultimate-Neuberechnung
lists/platforms/mobile/main/ultimate.txt;1004;1004;0;Ultimate-Neuberechnung
lists/platforms/nas-server/main/ultimate.txt;63;65;2;Ultimate-Neuberechnung
lists/platforms/network-devices/main/ultimate.txt;383;401;18;Ultimate-Neuberechnung
lists/platforms/operating-systems/main/ultimate.txt;308;311;3;Ultimate-Neuberechnung
lists/platforms/providers/main/ultimate.txt;171;171;0;Ultimate-Neuberechnung
lists/platforms/smart-tv/main/ultimate.txt;646;648;2;Ultimate-Neuberechnung
lists/platforms/software-hardware-telemetry/main/ultimate.txt;77;84;7;Ultimate-Neuberechnung
lists/platforms/streaming/main/ultimate.txt;282;301;19;Ultimate-Neuberechnung
lists/platforms/voice-assistants/main/ultimate.txt;109;112;3;Ultimate-Neuberechnung
lists/privacy/main/ultimate.txt;371544;371597;53;Ultimate-Neuberechnung
lists/security/main/ultimate.txt;3408241;3408596;355;Ultimate-Neuberechnung
profiles/ultimate.txt;5118477;5119284;807;Global Ultimate
