Path;Before;After;Delta;Type
allowlists/essential.txt;0;7;7;existing-expanded
allowlists/payment.txt;0;9;9;existing-expanded
allowlists/cdn.txt;0;6;6;existing-expanded
allowlists/false-positives.txt;0;5;5;existing-expanded
allowlists/authentication.txt;0;7;7;existing-expanded
lists/automation/full/seo-bots.txt;0;5;5;existing-expanded
lists/automation/full/training-bots.txt;0;6;6;existing-expanded
lists/automation/full/ai-crawlers.txt;0;10;10;existing-expanded
lists/automation/full/aggressive-crawlers.txt;0;15;15;existing-expanded
lists/security/full/surveillance.txt;0;16;16;existing-expanded
lists/security/full/data-exfiltration.txt;0;13;13;existing-expanded
lists/security/full/newly-registered-domains.txt;0;15000;15000;existing-expanded
lists/platforms/providers/full/deutsche-glasfaser.txt;0;6;6;existing-expanded
lists/platforms/voice-assistants/full/cortana.txt;0;13;13;existing-expanded
lists/platforms/software-hardware-telemetry/main/light.txt;0;75;75;existing-expanded
lists/platforms/software-hardware-telemetry/full/corsair.txt;0;2;2;existing-expanded
family/kids-allow-only/kids-games-de.txt;0;18;18;existing-expanded
family/kids-allow-only/kids-runtime-de.txt;0;9;9;existing-expanded
lists/device-control/software-hardware/autodesk/restrict.txt;0;5;5;new-effect-list
lists/device-control/software-hardware/autodesk/updates.txt;0;0;0;new-effect-list
lists/device-control/software-hardware/autodesk/privacy.txt;0;3;3;new-effect-list
lists/device-control/software-hardware/autodesk/isolate.txt;0;15;15;new-effect-list
lists/device-control/software-hardware/logitech/restrict.txt;0;4;4;new-effect-list
lists/device-control/software-hardware/logitech/updates.txt;0;0;0;new-effect-list
lists/device-control/software-hardware/logitech/privacy.txt;0;4;4;new-effect-list
lists/device-control/software-hardware/logitech/isolate.txt;0;15;15;new-effect-list
lists/device-control/software-hardware/razer/restrict.txt;0;1;1;new-effect-list
lists/device-control/software-hardware/razer/updates.txt;0;0;0;new-effect-list
lists/device-control/software-hardware/razer/privacy.txt;0;1;1;new-effect-list
lists/device-control/software-hardware/razer/isolate.txt;0;8;8;new-effect-list
lists/device-control/software-hardware/corsair/restrict.txt;0;2;2;new-effect-list
lists/device-control/software-hardware/corsair/updates.txt;0;0;0;new-effect-list
lists/device-control/software-hardware/corsair/privacy.txt;0;2;2;new-effect-list
lists/device-control/software-hardware/corsair/isolate.txt;0;2;2;new-effect-list
lists/device-control/software-hardware/amd/restrict.txt;0;5;5;new-effect-list
lists/device-control/software-hardware/amd/updates.txt;0;0;0;new-effect-list
lists/device-control/software-hardware/amd/privacy.txt;0;5;5;new-effect-list
lists/device-control/software-hardware/amd/isolate.txt;0;5;5;new-effect-list
lists/device-control/software-hardware/intel/restrict.txt;0;4;4;new-effect-list
lists/device-control/software-hardware/intel/updates.txt;0;0;0;new-effect-list
lists/device-control/software-hardware/intel/privacy.txt;0;4;4;new-effect-list
lists/device-control/software-hardware/intel/isolate.txt;0;4;4;new-effect-list
lists/device-control/software-hardware/nvidia/restrict.txt;0;7;7;new-effect-list
lists/device-control/software-hardware/nvidia/updates.txt;0;0;0;new-effect-list
lists/device-control/software-hardware/nvidia/privacy.txt;0;7;7;new-effect-list
lists/device-control/software-hardware/nvidia/isolate.txt;0;18;18;new-effect-list
lists/device-control/software-hardware/adobe/restrict.txt;0;86;86;new-effect-list
lists/device-control/software-hardware/adobe/updates.txt;0;0;0;new-effect-list
lists/device-control/software-hardware/adobe/privacy.txt;0;60;60;new-effect-list
lists/device-control/software-hardware/adobe/isolate.txt;0;354;354;new-effect-list
lists/device-control/providers/telekom/restrict.txt;0;61;61;new-effect-list
lists/device-control/providers/telekom/updates.txt;0;0;0;new-effect-list
lists/device-control/providers/telekom/privacy.txt;0;61;61;new-effect-list
lists/device-control/providers/telekom/isolate.txt;0;61;61;new-effect-list
lists/device-control/providers/1und1/restrict.txt;0;7;7;new-effect-list
lists/device-control/providers/1und1/updates.txt;0;0;0;new-effect-list
lists/device-control/providers/1und1/privacy.txt;0;7;7;new-effect-list
lists/device-control/providers/1und1/isolate.txt;0;7;7;new-effect-list
lists/device-control/providers/o2/restrict.txt;0;18;18;new-effect-list
lists/device-control/providers/o2/updates.txt;0;0;0;new-effect-list
lists/device-control/providers/o2/privacy.txt;0;18;18;new-effect-list
lists/device-control/providers/o2/isolate.txt;0;18;18;new-effect-list
lists/device-control/providers/vodafone/restrict.txt;0;81;81;new-effect-list
lists/device-control/providers/vodafone/updates.txt;0;3;3;new-effect-list
lists/device-control/providers/vodafone/privacy.txt;0;81;81;new-effect-list
lists/device-control/providers/vodafone/isolate.txt;0;81;81;new-effect-list
lists/device-control/providers/unitymedia/restrict.txt;0;4;4;new-effect-list
lists/device-control/providers/unitymedia/updates.txt;0;0;0;new-effect-list
lists/device-control/providers/unitymedia/privacy.txt;0;4;4;new-effect-list
lists/device-control/providers/unitymedia/isolate.txt;0;4;4;new-effect-list
lists/device-control/providers/deutsche-glasfaser/restrict.txt;0;6;6;new-effect-list
lists/device-control/providers/deutsche-glasfaser/updates.txt;0;0;0;new-effect-list
lists/device-control/providers/deutsche-glasfaser/privacy.txt;0;6;6;new-effect-list
lists/device-control/providers/deutsche-glasfaser/isolate.txt;0;6;6;new-effect-list
lists/device-control/iot-smart-home/amazon-alexa/restrict.txt;0;259;259;new-effect-list
lists/device-control/iot-smart-home/amazon-alexa/updates.txt;0;4;4;new-effect-list
lists/device-control/iot-smart-home/amazon-alexa/privacy.txt;0;13;13;new-effect-list
lists/device-control/iot-smart-home/amazon-alexa/isolate.txt;0;771;771;new-effect-list
lists/device-control/iot-smart-home/samsung-smartthings/restrict.txt;0;74;74;new-effect-list
lists/device-control/iot-smart-home/samsung-smartthings/updates.txt;0;1;1;new-effect-list
lists/device-control/iot-smart-home/samsung-smartthings/privacy.txt;0;4;4;new-effect-list
lists/device-control/iot-smart-home/samsung-smartthings/isolate.txt;0;307;307;new-effect-list
lists/device-control/iot-smart-home/sonos/restrict.txt;0;2;2;new-effect-list
lists/device-control/iot-smart-home/sonos/updates.txt;0;0;0;new-effect-list
lists/device-control/iot-smart-home/sonos/privacy.txt;0;2;2;new-effect-list
lists/device-control/iot-smart-home/sonos/isolate.txt;0;2;2;new-effect-list
lists/device-control/iot-smart-home/shared-other/restrict.txt;0;20;20;new-effect-list
lists/device-control/iot-smart-home/shared-other/updates.txt;0;0;0;new-effect-list
lists/device-control/iot-smart-home/shared-other/privacy.txt;0;20;20;new-effect-list
lists/device-control/iot-smart-home/shared-other/isolate.txt;0;20;20;new-effect-list
lists/device-control/iot-smart-home/xiaomi/restrict.txt;0;94;94;new-effect-list
lists/device-control/iot-smart-home/xiaomi/updates.txt;0;7;7;new-effect-list
lists/device-control/iot-smart-home/xiaomi/privacy.txt;0;9;9;new-effect-list
lists/device-control/iot-smart-home/xiaomi/isolate.txt;0;582;582;new-effect-list
lists/device-control/iot-smart-home/huawei/restrict.txt;0;72;72;new-effect-list
lists/device-control/iot-smart-home/huawei/updates.txt;0;0;0;new-effect-list
lists/device-control/iot-smart-home/huawei/privacy.txt;0;37;37;new-effect-list
lists/device-control/iot-smart-home/huawei/isolate.txt;0;75;75;new-effect-list
lists/device-control/mobile/samsung/restrict.txt;0;74;74;new-effect-list
lists/device-control/mobile/samsung/updates.txt;0;1;1;new-effect-list
lists/device-control/mobile/samsung/privacy.txt;0;4;4;new-effect-list
lists/device-control/mobile/samsung/isolate.txt;0;307;307;new-effect-list
lists/device-control/mobile/vivo/restrict.txt;0;53;53;new-effect-list
lists/device-control/mobile/vivo/updates.txt;0;0;0;new-effect-list
lists/device-control/mobile/vivo/privacy.txt;0;53;53;new-effect-list
lists/device-control/mobile/vivo/isolate.txt;0;53;53;new-effect-list
lists/device-control/mobile/oneplus/restrict.txt;0;8;8;new-effect-list
lists/device-control/mobile/oneplus/updates.txt;0;0;0;new-effect-list
lists/device-control/mobile/oneplus/privacy.txt;0;8;8;new-effect-list
lists/device-control/mobile/oneplus/isolate.txt;0;8;8;new-effect-list
lists/device-control/mobile/google-pixel/restrict.txt;0;377;377;new-effect-list
lists/device-control/mobile/google-pixel/updates.txt;0;11;11;new-effect-list
lists/device-control/mobile/google-pixel/privacy.txt;0;18;18;new-effect-list
lists/device-control/mobile/google-pixel/isolate.txt;0;14488;14488;new-effect-list
lists/device-control/mobile/shared-other/restrict.txt;0;582;582;new-effect-list
lists/device-control/mobile/shared-other/updates.txt;0;0;0;new-effect-list
lists/device-control/mobile/shared-other/privacy.txt;0;582;582;new-effect-list
lists/device-control/mobile/shared-other/isolate.txt;0;582;582;new-effect-list
lists/device-control/mobile/oppo-realme/restrict.txt;0;161;161;new-effect-list
lists/device-control/mobile/oppo-realme/updates.txt;0;0;0;new-effect-list
lists/device-control/mobile/oppo-realme/privacy.txt;0;161;161;new-effect-list
lists/device-control/mobile/oppo-realme/isolate.txt;0;161;161;new-effect-list
lists/device-control/mobile/apple-ios/restrict.txt;0;210;210;new-effect-list
lists/device-control/mobile/apple-ios/updates.txt;0;7;7;new-effect-list
lists/device-control/mobile/apple-ios/privacy.txt;0;121;121;new-effect-list
lists/device-control/mobile/apple-ios/isolate.txt;0;338;338;new-effect-list
lists/device-control/mobile/google-android/restrict.txt;0;377;377;new-effect-list
lists/device-control/mobile/google-android/updates.txt;0;11;11;new-effect-list
lists/device-control/mobile/google-android/privacy.txt;0;18;18;new-effect-list
lists/device-control/mobile/google-android/isolate.txt;0;14488;14488;new-effect-list
lists/device-control/mobile/xiaomi/restrict.txt;0;94;94;new-effect-list
lists/device-control/mobile/xiaomi/updates.txt;0;7;7;new-effect-list
lists/device-control/mobile/xiaomi/privacy.txt;0;9;9;new-effect-list
lists/device-control/mobile/xiaomi/isolate.txt;0;582;582;new-effect-list
lists/device-control/mobile/motorola/restrict.txt;0;31;31;new-effect-list
lists/device-control/mobile/motorola/updates.txt;0;1;1;new-effect-list
lists/device-control/mobile/motorola/privacy.txt;0;31;31;new-effect-list
lists/device-control/mobile/motorola/isolate.txt;0;31;31;new-effect-list
lists/device-control/mobile/huawei/restrict.txt;0;72;72;new-effect-list
lists/device-control/mobile/huawei/updates.txt;0;0;0;new-effect-list
lists/device-control/mobile/huawei/privacy.txt;0;38;38;new-effect-list
lists/device-control/mobile/huawei/isolate.txt;0;75;75;new-effect-list
lists/device-control/nas-server/docker/restrict.txt;0;16;16;new-effect-list
lists/device-control/nas-server/docker/updates.txt;0;0;0;new-effect-list
lists/device-control/nas-server/docker/privacy.txt;0;16;16;new-effect-list
lists/device-control/nas-server/docker/isolate.txt;0;16;16;new-effect-list
lists/device-control/nas-server/redhat-openshift/restrict.txt;0;5;5;new-effect-list
lists/device-control/nas-server/redhat-openshift/updates.txt;0;0;0;new-effect-list
lists/device-control/nas-server/redhat-openshift/privacy.txt;0;5;5;new-effect-list
lists/device-control/nas-server/redhat-openshift/isolate.txt;0;5;5;new-effect-list
lists/device-control/nas-server/hpe-dell/restrict.txt;0;5;5;new-effect-list
lists/device-control/nas-server/hpe-dell/updates.txt;0;0;0;new-effect-list
lists/device-control/nas-server/hpe-dell/privacy.txt;0;5;5;new-effect-list
lists/device-control/nas-server/hpe-dell/isolate.txt;0;5;5;new-effect-list
lists/device-control/nas-server/truenas/restrict.txt;0;3;3;new-effect-list
lists/device-control/nas-server/truenas/updates.txt;0;0;0;new-effect-list
lists/device-control/nas-server/truenas/privacy.txt;0;3;3;new-effect-list
lists/device-control/nas-server/truenas/isolate.txt;0;3;3;new-effect-list
lists/device-control/nas-server/unraid/restrict.txt;0;2;2;new-effect-list
lists/device-control/nas-server/unraid/updates.txt;0;0;0;new-effect-list
lists/device-control/nas-server/unraid/privacy.txt;0;2;2;new-effect-list
lists/device-control/nas-server/unraid/isolate.txt;0;2;2;new-effect-list
lists/device-control/nas-server/kubernetes/restrict.txt;0;25;25;new-effect-list
lists/device-control/nas-server/kubernetes/updates.txt;0;0;0;new-effect-list
lists/device-control/nas-server/kubernetes/privacy.txt;0;25;25;new-effect-list
lists/device-control/nas-server/kubernetes/isolate.txt;0;25;25;new-effect-list
lists/device-control/nas-server/qnap/restrict.txt;0;6;6;new-effect-list
lists/device-control/nas-server/qnap/updates.txt;0;0;0;new-effect-list
lists/device-control/nas-server/qnap/privacy.txt;0;6;6;new-effect-list
lists/device-control/nas-server/qnap/isolate.txt;0;6;6;new-effect-list
lists/device-control/nas-server/synology/restrict.txt;0;3;3;new-effect-list
lists/device-control/nas-server/synology/updates.txt;0;0;0;new-effect-list
lists/device-control/nas-server/synology/privacy.txt;0;3;3;new-effect-list
lists/device-control/nas-server/synology/isolate.txt;0;3;3;new-effect-list
lists/device-control/automotive/audi/restrict.txt;0;491;491;new-effect-list
lists/device-control/automotive/audi/updates.txt;0;4;4;new-effect-list
lists/device-control/automotive/audi/privacy.txt;0;491;491;new-effect-list
lists/device-control/automotive/audi/isolate.txt;0;491;491;new-effect-list
lists/device-control/automotive/ford/restrict.txt;0;31;31;new-effect-list
lists/device-control/automotive/ford/updates.txt;0;0;0;new-effect-list
lists/device-control/automotive/ford/privacy.txt;0;31;31;new-effect-list
lists/device-control/automotive/ford/isolate.txt;0;31;31;new-effect-list
lists/device-control/automotive/mercedes/restrict.txt;0;33;33;new-effect-list
lists/device-control/automotive/mercedes/updates.txt;0;0;0;new-effect-list
lists/device-control/automotive/mercedes/privacy.txt;0;33;33;new-effect-list
lists/device-control/automotive/mercedes/isolate.txt;0;33;33;new-effect-list
lists/device-control/automotive/tesla/restrict.txt;0;12;12;new-effect-list
lists/device-control/automotive/tesla/updates.txt;0;0;0;new-effect-list
lists/device-control/automotive/tesla/privacy.txt;0;12;12;new-effect-list
lists/device-control/automotive/tesla/isolate.txt;0;12;12;new-effect-list
lists/device-control/automotive/bmw/restrict.txt;0;53;53;new-effect-list
lists/device-control/automotive/bmw/updates.txt;0;0;0;new-effect-list
lists/device-control/automotive/bmw/privacy.txt;0;53;53;new-effect-list
lists/device-control/automotive/bmw/isolate.txt;0;53;53;new-effect-list
lists/device-control/automotive/vw/restrict.txt;0;45;45;new-effect-list
lists/device-control/automotive/vw/updates.txt;0;0;0;new-effect-list
lists/device-control/automotive/vw/privacy.txt;0;45;45;new-effect-list
lists/device-control/automotive/vw/isolate.txt;0;45;45;new-effect-list
lists/device-control/network-devices/avm-fritzbox/restrict.txt;0;1;1;new-effect-list
lists/device-control/network-devices/avm-fritzbox/updates.txt;0;0;0;new-effect-list
lists/device-control/network-devices/avm-fritzbox/privacy.txt;0;1;1;new-effect-list
lists/device-control/network-devices/avm-fritzbox/isolate.txt;0;1;1;new-effect-list
lists/device-control/network-devices/zyxel/restrict.txt;0;1;1;new-effect-list
lists/device-control/network-devices/zyxel/updates.txt;0;0;0;new-effect-list
lists/device-control/network-devices/zyxel/privacy.txt;0;1;1;new-effect-list
lists/device-control/network-devices/zyxel/isolate.txt;0;1;1;new-effect-list
lists/device-control/network-devices/cisco/restrict.txt;0;29;29;new-effect-list
lists/device-control/network-devices/cisco/updates.txt;0;0;0;new-effect-list
lists/device-control/network-devices/cisco/privacy.txt;0;29;29;new-effect-list
lists/device-control/network-devices/cisco/isolate.txt;0;29;29;new-effect-list
lists/device-control/network-devices/tp-link/restrict.txt;0;17;17;new-effect-list
lists/device-control/network-devices/tp-link/updates.txt;0;0;0;new-effect-list
lists/device-control/network-devices/tp-link/privacy.txt;0;17;17;new-effect-list
lists/device-control/network-devices/tp-link/isolate.txt;0;17;17;new-effect-list
lists/device-control/network-devices/netgear/restrict.txt;0;4;4;new-effect-list
lists/device-control/network-devices/netgear/updates.txt;0;0;0;new-effect-list
lists/device-control/network-devices/netgear/privacy.txt;0;4;4;new-effect-list
lists/device-control/network-devices/netgear/isolate.txt;0;4;4;new-effect-list
lists/device-control/network-devices/asus/restrict.txt;0;29;29;new-effect-list
lists/device-control/network-devices/asus/updates.txt;0;0;0;new-effect-list
lists/device-control/network-devices/asus/privacy.txt;0;29;29;new-effect-list
lists/device-control/network-devices/asus/isolate.txt;0;29;29;new-effect-list
lists/device-control/network-devices/huawei/restrict.txt;0;58;58;new-effect-list
lists/device-control/network-devices/huawei/updates.txt;0;0;0;new-effect-list
lists/device-control/network-devices/huawei/privacy.txt;0;18;18;new-effect-list
lists/device-control/network-devices/huawei/isolate.txt;0;58;58;new-effect-list
lists/device-control/network-devices/ubiquiti/restrict.txt;0;301;301;new-effect-list
lists/device-control/network-devices/ubiquiti/updates.txt;0;2;2;new-effect-list
lists/device-control/network-devices/ubiquiti/privacy.txt;0;301;301;new-effect-list
lists/device-control/network-devices/ubiquiti/isolate.txt;0;301;301;new-effect-list
lists/device-control/network-devices/mikrotik/restrict.txt;0;1;1;new-effect-list
lists/device-control/network-devices/mikrotik/updates.txt;0;1;1;new-effect-list
lists/device-control/network-devices/mikrotik/privacy.txt;0;1;1;new-effect-list
lists/device-control/network-devices/mikrotik/isolate.txt;0;1;1;new-effect-list
lists/device-control/manufacturers/lg/restrict.txt;0;4;4;new-effect-list
lists/device-control/manufacturers/lg/updates.txt;0;0;0;new-effect-list
lists/device-control/manufacturers/lg/privacy.txt;0;4;4;new-effect-list
lists/device-control/manufacturers/lg/isolate.txt;0;601;601;new-effect-list
lists/device-control/manufacturers/ea/restrict.txt;0;40;40;new-effect-list
lists/device-control/manufacturers/ea/updates.txt;0;0;0;new-effect-list
lists/device-control/manufacturers/ea/privacy.txt;0;36;36;new-effect-list
lists/device-control/manufacturers/ea/isolate.txt;0;298;298;new-effect-list
lists/device-control/manufacturers/autodesk/restrict.txt;0;5;5;new-effect-list
lists/device-control/manufacturers/autodesk/updates.txt;0;0;0;new-effect-list
lists/device-control/manufacturers/autodesk/privacy.txt;0;3;3;new-effect-list
lists/device-control/manufacturers/autodesk/isolate.txt;0;15;15;new-effect-list
lists/device-control/manufacturers/logitech/restrict.txt;0;4;4;new-effect-list
lists/device-control/manufacturers/logitech/updates.txt;0;0;0;new-effect-list
lists/device-control/manufacturers/logitech/privacy.txt;0;4;4;new-effect-list
lists/device-control/manufacturers/logitech/isolate.txt;0;15;15;new-effect-list
lists/device-control/manufacturers/epic/restrict.txt;0;4;4;new-effect-list
lists/device-control/manufacturers/epic/updates.txt;0;0;0;new-effect-list
lists/device-control/manufacturers/epic/privacy.txt;0;4;4;new-effect-list
lists/device-control/manufacturers/epic/isolate.txt;0;8;8;new-effect-list
lists/device-control/manufacturers/apple/restrict.txt;0;159;159;new-effect-list
lists/device-control/manufacturers/apple/updates.txt;0;7;7;new-effect-list
lists/device-control/manufacturers/apple/privacy.txt;0;80;80;new-effect-list
lists/device-control/manufacturers/apple/isolate.txt;0;335;335;new-effect-list
lists/device-control/manufacturers/ubisoft/restrict.txt;0;6;6;new-effect-list
lists/device-control/manufacturers/ubisoft/updates.txt;0;0;0;new-effect-list
lists/device-control/manufacturers/ubisoft/privacy.txt;0;6;6;new-effect-list
lists/device-control/manufacturers/ubisoft/isolate.txt;0;6;6;new-effect-list
lists/device-control/manufacturers/samsung/restrict.txt;0;83;83;new-effect-list
lists/device-control/manufacturers/samsung/updates.txt;0;1;1;new-effect-list
lists/device-control/manufacturers/samsung/privacy.txt;0;53;53;new-effect-list
lists/device-control/manufacturers/samsung/isolate.txt;0;307;307;new-effect-list
lists/device-control/manufacturers/google/restrict.txt;0;365;365;new-effect-list
lists/device-control/manufacturers/google/updates.txt;0;11;11;new-effect-list
lists/device-control/manufacturers/google/privacy.txt;0;343;343;new-effect-list
lists/device-control/manufacturers/google/isolate.txt;0;14478;14478;new-effect-list
lists/device-control/manufacturers/razer/restrict.txt;0;2;2;new-effect-list
lists/device-control/manufacturers/razer/updates.txt;0;0;0;new-effect-list
lists/device-control/manufacturers/razer/privacy.txt;0;2;2;new-effect-list
lists/device-control/manufacturers/razer/isolate.txt;0;8;8;new-effect-list
lists/device-control/manufacturers/amd/restrict.txt;0;1;1;new-effect-list
lists/device-control/manufacturers/amd/updates.txt;0;0;0;new-effect-list
lists/device-control/manufacturers/amd/privacy.txt;0;1;1;new-effect-list
lists/device-control/manufacturers/amd/isolate.txt;0;5;5;new-effect-list
lists/device-control/manufacturers/sony/restrict.txt;0;88;88;new-effect-list
lists/device-control/manufacturers/sony/updates.txt;0;0;0;new-effect-list
lists/device-control/manufacturers/sony/privacy.txt;0;88;88;new-effect-list
lists/device-control/manufacturers/sony/isolate.txt;0;143;143;new-effect-list
lists/device-control/manufacturers/nvidia/restrict.txt;0;5;5;new-effect-list
lists/device-control/manufacturers/nvidia/updates.txt;0;0;0;new-effect-list
lists/device-control/manufacturers/nvidia/privacy.txt;0;5;5;new-effect-list
lists/device-control/manufacturers/nvidia/isolate.txt;0;17;17;new-effect-list
lists/device-control/manufacturers/adobe/restrict.txt;0;91;91;new-effect-list
lists/device-control/manufacturers/adobe/updates.txt;0;0;0;new-effect-list
lists/device-control/manufacturers/adobe/privacy.txt;0;69;69;new-effect-list
lists/device-control/manufacturers/adobe/isolate.txt;0;354;354;new-effect-list
lists/device-control/manufacturers/microsoft/restrict.txt;0;300;300;new-effect-list
lists/device-control/manufacturers/microsoft/updates.txt;0;21;21;new-effect-list
lists/device-control/manufacturers/microsoft/privacy.txt;0;262;262;new-effect-list
lists/device-control/manufacturers/microsoft/isolate.txt;0;762;762;new-effect-list
lists/device-control/manufacturers/meta/restrict.txt;0;34;34;new-effect-list
lists/device-control/manufacturers/meta/updates.txt;0;2;2;new-effect-list
lists/device-control/manufacturers/meta/privacy.txt;0;31;31;new-effect-list
lists/device-control/manufacturers/meta/isolate.txt;0;111;111;new-effect-list
lists/device-control/manufacturers/amazon/restrict.txt;0;288;288;new-effect-list
lists/device-control/manufacturers/amazon/updates.txt;0;4;4;new-effect-list
lists/device-control/manufacturers/amazon/privacy.txt;0;268;268;new-effect-list
lists/device-control/manufacturers/amazon/isolate.txt;0;768;768;new-effect-list
lists/device-control/manufacturers/xiaomi/restrict.txt;0;110;110;new-effect-list
lists/device-control/manufacturers/xiaomi/updates.txt;0;7;7;new-effect-list
lists/device-control/manufacturers/xiaomi/privacy.txt;0;36;36;new-effect-list
lists/device-control/manufacturers/xiaomi/isolate.txt;0;582;582;new-effect-list
lists/device-control/manufacturers/huawei/restrict.txt;0;55;55;new-effect-list
lists/device-control/manufacturers/huawei/updates.txt;0;0;0;new-effect-list
lists/device-control/manufacturers/huawei/privacy.txt;0;21;21;new-effect-list
lists/device-control/manufacturers/huawei/isolate.txt;0;58;58;new-effect-list
lists/device-control/manufacturers/nintendo/restrict.txt;0;2;2;new-effect-list
lists/device-control/manufacturers/nintendo/updates.txt;0;0;0;new-effect-list
lists/device-control/manufacturers/nintendo/privacy.txt;0;2;2;new-effect-list
lists/device-control/manufacturers/nintendo/isolate.txt;0;10;10;new-effect-list
lists/device-control/manufacturers/valve-steam/restrict.txt;0;9;9;new-effect-list
lists/device-control/manufacturers/valve-steam/updates.txt;0;0;0;new-effect-list
lists/device-control/manufacturers/valve-steam/privacy.txt;0;6;6;new-effect-list
lists/device-control/manufacturers/valve-steam/isolate.txt;0;49;49;new-effect-list
lists/device-control/manufacturers/philips/restrict.txt;0;61;61;new-effect-list
lists/device-control/manufacturers/philips/updates.txt;0;0;0;new-effect-list
lists/device-control/manufacturers/philips/privacy.txt;0;61;61;new-effect-list
lists/device-control/manufacturers/philips/isolate.txt;0;73;73;new-effect-list
lists/device-control/voice-assistants/siri/restrict.txt;0;185;185;new-effect-list
lists/device-control/voice-assistants/siri/updates.txt;0;8;8;new-effect-list
lists/device-control/voice-assistants/siri/privacy.txt;0;27;27;new-effect-list
lists/device-control/voice-assistants/siri/isolate.txt;0;362;362;new-effect-list
lists/device-control/voice-assistants/alexa/restrict.txt;0;311;311;new-effect-list
lists/device-control/voice-assistants/alexa/updates.txt;0;4;4;new-effect-list
lists/device-control/voice-assistants/alexa/privacy.txt;0;82;82;new-effect-list
lists/device-control/voice-assistants/alexa/isolate.txt;0;768;768;new-effect-list
lists/device-control/voice-assistants/cortana/restrict.txt;0;245;245;new-effect-list
lists/device-control/voice-assistants/cortana/updates.txt;0;21;21;new-effect-list
lists/device-control/voice-assistants/cortana/privacy.txt;0;13;13;new-effect-list
lists/device-control/voice-assistants/cortana/isolate.txt;0;774;774;new-effect-list
lists/device-control/voice-assistants/google-assistant/restrict.txt;0;365;365;new-effect-list
lists/device-control/voice-assistants/google-assistant/updates.txt;0;11;11;new-effect-list
lists/device-control/voice-assistants/google-assistant/privacy.txt;0;3;3;new-effect-list
lists/device-control/voice-assistants/google-assistant/isolate.txt;0;14481;14481;new-effect-list
lists/device-control/ecosystems/apple/restrict.txt;0;333;333;new-effect-list
lists/device-control/ecosystems/apple/updates.txt;0;7;7;new-effect-list
lists/device-control/ecosystems/apple/privacy.txt;0;333;333;new-effect-list
lists/device-control/ecosystems/apple/isolate.txt;0;338;338;new-effect-list
lists/device-control/ecosystems/google/restrict.txt;0;13872;13872;new-effect-list
lists/device-control/ecosystems/google/updates.txt;0;11;11;new-effect-list
lists/device-control/ecosystems/google/privacy.txt;0;13584;13584;new-effect-list
lists/device-control/ecosystems/google/isolate.txt;0;14480;14480;new-effect-list
lists/device-control/ecosystems/microsoft/restrict.txt;0;769;769;new-effect-list
lists/device-control/ecosystems/microsoft/updates.txt;0;21;21;new-effect-list
lists/device-control/ecosystems/microsoft/privacy.txt;0;769;769;new-effect-list
lists/device-control/ecosystems/microsoft/isolate.txt;0;777;777;new-effect-list
lists/device-control/ecosystems/amazon/restrict.txt;0;775;775;new-effect-list
lists/device-control/ecosystems/amazon/updates.txt;0;4;4;new-effect-list
lists/device-control/ecosystems/amazon/privacy.txt;0;775;775;new-effect-list
lists/device-control/ecosystems/amazon/isolate.txt;0;775;775;new-effect-list
lists/device-control/operating-systems/windows/restrict.txt;0;278;278;new-effect-list
lists/device-control/operating-systems/windows/updates.txt;0;21;21;new-effect-list
lists/device-control/operating-systems/windows/privacy.txt;0;54;54;new-effect-list
lists/device-control/operating-systems/windows/isolate.txt;0;793;793;new-effect-list
lists/device-control/operating-systems/macos/restrict.txt;0;210;210;new-effect-list
lists/device-control/operating-systems/macos/updates.txt;0;7;7;new-effect-list
lists/device-control/operating-systems/macos/privacy.txt;0;91;91;new-effect-list
lists/device-control/operating-systems/macos/isolate.txt;0;338;338;new-effect-list
lists/device-control/operating-systems/linux/restrict.txt;0;3;3;new-effect-list
lists/device-control/operating-systems/linux/updates.txt;0;0;0;new-effect-list
lists/device-control/operating-systems/linux/privacy.txt;0;3;3;new-effect-list
lists/device-control/operating-systems/linux/isolate.txt;0;3;3;new-effect-list
lists/device-control/operating-systems/apple/restrict.txt;0;230;230;new-effect-list
lists/device-control/operating-systems/apple/updates.txt;0;7;7;new-effect-list
lists/device-control/operating-systems/apple/privacy.txt;0;119;119;new-effect-list
lists/device-control/operating-systems/apple/isolate.txt;0;358;358;new-effect-list
lists/device-control/operating-systems/chromeos/restrict.txt;0;363;363;new-effect-list
lists/device-control/operating-systems/chromeos/updates.txt;0;11;11;new-effect-list
lists/device-control/operating-systems/chromeos/privacy.txt;0;1;1;new-effect-list
lists/device-control/operating-systems/chromeos/isolate.txt;0;14479;14479;new-effect-list
lists/device-control/operating-systems/ios/restrict.txt;0;211;211;new-effect-list
lists/device-control/operating-systems/ios/updates.txt;0;7;7;new-effect-list
lists/device-control/operating-systems/ios/privacy.txt;0;92;92;new-effect-list
lists/device-control/operating-systems/ios/isolate.txt;0;339;339;new-effect-list
lists/device-control/operating-systems/android/restrict.txt;0;488;488;new-effect-list
lists/device-control/operating-systems/android/updates.txt;0;11;11;new-effect-list
lists/device-control/operating-systems/android/privacy.txt;0;135;135;new-effect-list
lists/device-control/operating-systems/android/isolate.txt;0;14598;14598;new-effect-list
lists/device-control/smart-tv/roku/restrict.txt;0;13;13;new-effect-list
lists/device-control/smart-tv/roku/updates.txt;0;0;0;new-effect-list
lists/device-control/smart-tv/roku/privacy.txt;0;13;13;new-effect-list
lists/device-control/smart-tv/roku/isolate.txt;0;13;13;new-effect-list
lists/device-control/smart-tv/google-android-tv/restrict.txt;0;364;364;new-effect-list
lists/device-control/smart-tv/google-android-tv/updates.txt;0;11;11;new-effect-list
lists/device-control/smart-tv/google-android-tv/privacy.txt;0;2;2;new-effect-list
lists/device-control/smart-tv/google-android-tv/isolate.txt;0;14479;14479;new-effect-list
lists/device-control/smart-tv/samsung/restrict.txt;0;116;116;new-effect-list
lists/device-control/smart-tv/samsung/updates.txt;0;1;1;new-effect-list
lists/device-control/smart-tv/samsung/privacy.txt;0;51;51;new-effect-list
lists/device-control/smart-tv/samsung/isolate.txt;0;347;347;new-effect-list
lists/device-control/smart-tv/panasonic/restrict.txt;0;15;15;new-effect-list
lists/device-control/smart-tv/panasonic/updates.txt;0;0;0;new-effect-list
lists/device-control/smart-tv/panasonic/privacy.txt;0;15;15;new-effect-list
lists/device-control/smart-tv/panasonic/isolate.txt;0;15;15;new-effect-list
lists/device-control/smart-tv/amazon-fire-tv/restrict.txt;0;265;265;new-effect-list
lists/device-control/smart-tv/amazon-fire-tv/updates.txt;0;4;4;new-effect-list
lists/device-control/smart-tv/amazon-fire-tv/privacy.txt;0;19;19;new-effect-list
lists/device-control/smart-tv/amazon-fire-tv/isolate.txt;0;776;776;new-effect-list
lists/device-control/smart-tv/sony-bravia/restrict.txt;0;91;91;new-effect-list
lists/device-control/smart-tv/sony-bravia/updates.txt;0;0;0;new-effect-list
lists/device-control/smart-tv/sony-bravia/privacy.txt;0;4;4;new-effect-list
lists/device-control/smart-tv/sony-bravia/isolate.txt;0;147;147;new-effect-list
lists/device-control/smart-tv/shared-other/restrict.txt;0;103;103;new-effect-list
lists/device-control/smart-tv/shared-other/updates.txt;0;1;1;new-effect-list
lists/device-control/smart-tv/shared-other/privacy.txt;0;103;103;new-effect-list
lists/device-control/smart-tv/shared-other/isolate.txt;0;103;103;new-effect-list
lists/device-control/smart-tv/hisense-vidaa/restrict.txt;0;11;11;new-effect-list
lists/device-control/smart-tv/hisense-vidaa/updates.txt;0;0;0;new-effect-list
lists/device-control/smart-tv/hisense-vidaa/privacy.txt;0;11;11;new-effect-list
lists/device-control/smart-tv/hisense-vidaa/isolate.txt;0;11;11;new-effect-list
lists/device-control/smart-tv/lg-webos/restrict.txt;0;358;358;new-effect-list
lists/device-control/smart-tv/lg-webos/updates.txt;0;0;0;new-effect-list
lists/device-control/smart-tv/lg-webos/privacy.txt;0;355;355;new-effect-list
lists/device-control/smart-tv/lg-webos/isolate.txt;0;620;620;new-effect-list
lists/device-control/smart-tv/philips/restrict.txt;0;73;73;new-effect-list
lists/device-control/smart-tv/philips/updates.txt;0;0;0;new-effect-list
lists/device-control/smart-tv/philips/privacy.txt;0;73;73;new-effect-list
lists/device-control/smart-tv/philips/isolate.txt;0;73;73;new-effect-list
lists/device-control/smart-tv/google-tv/restrict.txt;0;364;364;new-effect-list
lists/device-control/smart-tv/google-tv/updates.txt;0;11;11;new-effect-list
lists/device-control/smart-tv/google-tv/privacy.txt;0;2;2;new-effect-list
lists/device-control/smart-tv/google-tv/isolate.txt;0;14479;14479;new-effect-list
lists/device-control/smart-tv/tcl/restrict.txt;0;2;2;new-effect-list
lists/device-control/smart-tv/tcl/updates.txt;0;0;0;new-effect-list
lists/device-control/smart-tv/tcl/privacy.txt;0;2;2;new-effect-list
lists/device-control/smart-tv/tcl/isolate.txt;0;2;2;new-effect-list
lists/service-blocking/gaming/mobile-games/block-all.txt;0;3;3;new-effect-list
lists/service-blocking/gaming/mobile-games/privacy.txt;0;3;3;new-effect-list
lists/service-blocking/gaming/ubisoft/block-all.txt;0;8;8;new-effect-list
lists/service-blocking/gaming/ubisoft/privacy.txt;0;6;6;new-effect-list
lists/service-blocking/gaming/epic-games/block-all.txt;0;11;11;new-effect-list
lists/service-blocking/gaming/epic-games/privacy.txt;0;7;7;new-effect-list
lists/service-blocking/gaming/playstation/block-all.txt;0;13;13;new-effect-list
lists/service-blocking/gaming/playstation/privacy.txt;0;10;10;new-effect-list
lists/service-blocking/gaming/xbox/block-all.txt;0;11;11;new-effect-list
lists/service-blocking/gaming/xbox/privacy.txt;0;8;8;new-effect-list
lists/service-blocking/gaming/rockstar/block-all.txt;0;5;5;new-effect-list
lists/service-blocking/gaming/rockstar/privacy.txt;0;3;3;new-effect-list
lists/service-blocking/gaming/game-analytics/privacy.txt;0;27;27;new-effect-list
lists/service-blocking/gaming/anti-cheat-telemetry/privacy.txt;0;1;1;new-effect-list
lists/service-blocking/gaming/ea-origin/block-all.txt;0;303;303;new-effect-list
lists/service-blocking/gaming/ea-origin/privacy.txt;0;300;300;new-effect-list
lists/service-blocking/gaming/steam/block-all.txt;0;54;54;new-effect-list
lists/service-blocking/gaming/steam/privacy.txt;0;1;1;new-effect-list
lists/service-blocking/gaming/battle-net/block-all.txt;0;8;8;new-effect-list
lists/service-blocking/gaming/battle-net/privacy.txt;0;5;5;new-effect-list
lists/service-blocking/gaming/nintendo/block-all.txt;0;13;13;new-effect-list
lists/service-blocking/gaming/nintendo/privacy.txt;0;5;5;new-effect-list
lists/service-blocking/gaming/riot-games/block-all.txt;0;5;5;new-effect-list
lists/service-blocking/gaming/riot-games/privacy.txt;0;2;2;new-effect-list
lists/service-blocking/cloud-development/github/block-all.txt;0;24;24;new-effect-list
lists/service-blocking/cloud-development/github/privacy.txt;0;24;24;new-effect-list
lists/service-blocking/cloud-development/jetbrains/block-all.txt;0;2;2;new-effect-list
lists/service-blocking/cloud-development/jetbrains/privacy.txt;0;2;2;new-effect-list
lists/service-blocking/cloud-development/cicd/block-all.txt;0;8;8;new-effect-list
lists/service-blocking/cloud-development/cicd/privacy.txt;0;8;8;new-effect-list
lists/service-blocking/cloud-development/oracle-cloud/block-all.txt;0;8;8;new-effect-list
lists/service-blocking/cloud-development/oracle-cloud/privacy.txt;0;8;8;new-effect-list
lists/service-blocking/cloud-development/cloudflare/block-all.txt;0;42;42;new-effect-list
lists/service-blocking/cloud-development/cloudflare/privacy.txt;0;42;42;new-effect-list
lists/service-blocking/cloud-development/google-cloud/block-all.txt;0;49;49;new-effect-list
lists/service-blocking/cloud-development/google-cloud/privacy.txt;0;49;49;new-effect-list
lists/service-blocking/cloud-development/vscode/block-all.txt;0;4;4;new-effect-list
lists/service-blocking/cloud-development/vscode/privacy.txt;0;4;4;new-effect-list
lists/service-blocking/cloud-development/visual-studio/block-all.txt;0;3;3;new-effect-list
lists/service-blocking/cloud-development/visual-studio/privacy.txt;0;3;3;new-effect-list
lists/service-blocking/cloud-development/aws/block-all.txt;0;570;570;new-effect-list
lists/service-blocking/cloud-development/aws/privacy.txt;0;570;570;new-effect-list
lists/service-blocking/cloud-development/gitlab/block-all.txt;0;7;7;new-effect-list
lists/service-blocking/cloud-development/gitlab/privacy.txt;0;7;7;new-effect-list
lists/service-blocking/cloud-development/cloud-storage/block-all.txt;0;563;563;new-effect-list
lists/service-blocking/cloud-development/cloud-storage/privacy.txt;0;563;563;new-effect-list
lists/service-blocking/cloud-development/azure/block-all.txt;0;214;214;new-effect-list
lists/service-blocking/cloud-development/azure/privacy.txt;0;214;214;new-effect-list
lists/service-blocking/streaming/spotify/block-all.txt;0;190;190;new-effect-list
lists/service-blocking/streaming/spotify/privacy.txt;0;185;185;new-effect-list
lists/service-blocking/streaming/apple-tv/block-all.txt;0;18;18;new-effect-list
lists/service-blocking/streaming/apple-tv/privacy.txt;0;18;18;new-effect-list
lists/service-blocking/streaming/disney-plus/block-all.txt;0;10;10;new-effect-list
lists/service-blocking/streaming/disney-plus/privacy.txt;0;6;6;new-effect-list
lists/service-blocking/streaming/netflix/block-all.txt;0;32;32;new-effect-list
lists/service-blocking/streaming/netflix/privacy.txt;0;25;25;new-effect-list
lists/service-blocking/streaming/plex/block-all.txt;0;7;7;new-effect-list
lists/service-blocking/streaming/plex/privacy.txt;0;3;3;new-effect-list
lists/service-blocking/streaming/paramount/block-all.txt;0;13;13;new-effect-list
lists/service-blocking/streaming/paramount/privacy.txt;0;9;9;new-effect-list
lists/service-blocking/streaming/youtube/block-all.txt;0;32;32;new-effect-list
lists/service-blocking/streaming/youtube/privacy.txt;0;25;25;new-effect-list
lists/service-blocking/streaming/emby/block-all.txt;0;4;4;new-effect-list
lists/service-blocking/streaming/emby/privacy.txt;0;2;2;new-effect-list
lists/service-blocking/streaming/jellyfin/block-all.txt;0;3;3;new-effect-list
lists/service-blocking/streaming/jellyfin/privacy.txt;0;1;1;new-effect-list
lists/service-blocking/streaming/prime-video/block-all.txt;0;6;6;new-effect-list
lists/service-blocking/streaming/prime-video/privacy.txt;0;2;2;new-effect-list
lists/service-blocking/streaming/twitch/block-all.txt;0;29;29;new-effect-list
lists/service-blocking/streaming/twitch/privacy.txt;0;22;22;new-effect-list
lists/service-blocking/streaming/dazn/block-all.txt;0;5;5;new-effect-list
lists/service-blocking/streaming/dazn/privacy.txt;0;3;3;new-effect-list
lists/service-blocking/social-media/facebook-meta/block-all.txt;0;138;138;new-effect-list
lists/service-blocking/social-media/facebook-meta/privacy.txt;0;82;82;new-effect-list
lists/service-blocking/social-media/linkedin/block-all.txt;0;27;27;new-effect-list
lists/service-blocking/social-media/linkedin/privacy.txt;0;23;23;new-effect-list
lists/service-blocking/social-media/whatsapp/block-all.txt;0;25;25;new-effect-list
lists/service-blocking/social-media/whatsapp/privacy.txt;0;20;20;new-effect-list
lists/service-blocking/social-media/pinterest/block-all.txt;0;16;16;new-effect-list
lists/service-blocking/social-media/pinterest/privacy.txt;0;12;12;new-effect-list
lists/service-blocking/social-media/discord/block-all.txt;0;17;17;new-effect-list
lists/service-blocking/social-media/discord/privacy.txt;0;9;9;new-effect-list
lists/service-blocking/social-media/reddit/block-all.txt;0;31;31;new-effect-list
lists/service-blocking/social-media/reddit/privacy.txt;0;25;25;new-effect-list
lists/service-blocking/social-media/tiktok/block-all.txt;0;67;67;new-effect-list
lists/service-blocking/social-media/tiktok/privacy.txt;0;61;61;new-effect-list
lists/service-blocking/social-media/x-twitter/block-all.txt;0;21128;21128;new-effect-list
lists/service-blocking/social-media/x-twitter/privacy.txt;0;21121;21121;new-effect-list
lists/service-blocking/social-media/telegram/block-all.txt;0;251;251;new-effect-list
lists/service-blocking/social-media/telegram/privacy.txt;0;246;246;new-effect-list
lists/service-blocking/social-media/threads/block-all.txt;0;12;12;new-effect-list
lists/service-blocking/social-media/threads/privacy.txt;0;10;10;new-effect-list
lists/service-blocking/social-media/instagram/block-all.txt;0;16;16;new-effect-list
lists/service-blocking/social-media/instagram/privacy.txt;0;12;12;new-effect-list
lists/service-blocking/social-media/snapchat/block-all.txt;0;15;15;new-effect-list
lists/service-blocking/social-media/snapchat/privacy.txt;0;11;11;new-effect-list
