Path;UniqueDomains;DuplicateEntries;InvalidActiveLines
allowlists/essential.txt;7;0;0
allowlists/payment.txt;9;0;0
allowlists/cdn.txt;6;0;0
allowlists/false-positives.txt;5;0;0
allowlists/authentication.txt;7;0;0
lists/automation/full/seo-bots.txt;5;0;0
lists/automation/full/training-bots.txt;6;0;0
lists/automation/full/ai-crawlers.txt;10;0;0
lists/automation/full/aggressive-crawlers.txt;15;0;0
lists/security/full/surveillance.txt;16;0;0
lists/security/full/data-exfiltration.txt;13;0;0
lists/security/full/newly-registered-domains.txt;15000;0;0
lists/platforms/providers/full/deutsche-glasfaser.txt;6;0;0
lists/platforms/voice-assistants/full/cortana.txt;13;0;0
lists/platforms/software-hardware-telemetry/main/light.txt;75;0;0
lists/platforms/software-hardware-telemetry/full/corsair.txt;2;0;0
family/kids-allow-only/kids-games-de.txt;18;0;0
family/kids-allow-only/kids-runtime-de.txt;9;0;0
lists/device-control/software-hardware/autodesk/restrict.txt;5;0;0
lists/device-control/software-hardware/autodesk/updates.txt;0;0;0
lists/device-control/software-hardware/autodesk/privacy.txt;3;0;0
lists/device-control/software-hardware/autodesk/isolate.txt;15;0;0
lists/device-control/software-hardware/logitech/restrict.txt;4;0;0
lists/device-control/software-hardware/logitech/updates.txt;0;0;0
lists/device-control/software-hardware/logitech/privacy.txt;4;0;0
lists/device-control/software-hardware/logitech/isolate.txt;15;0;0
lists/device-control/software-hardware/razer/restrict.txt;1;0;0
lists/device-control/software-hardware/razer/updates.txt;0;0;0
lists/device-control/software-hardware/razer/privacy.txt;1;0;0
lists/device-control/software-hardware/razer/isolate.txt;8;0;0
lists/device-control/software-hardware/corsair/restrict.txt;2;0;0
lists/device-control/software-hardware/corsair/updates.txt;0;0;0
lists/device-control/software-hardware/corsair/privacy.txt;2;0;0
lists/device-control/software-hardware/corsair/isolate.txt;2;0;0
lists/device-control/software-hardware/amd/restrict.txt;5;0;0
lists/device-control/software-hardware/amd/updates.txt;0;0;0
lists/device-control/software-hardware/amd/privacy.txt;5;0;0
lists/device-control/software-hardware/amd/isolate.txt;5;0;0
lists/device-control/software-hardware/intel/restrict.txt;4;0;0
lists/device-control/software-hardware/intel/updates.txt;0;0;0
lists/device-control/software-hardware/intel/privacy.txt;4;0;0
lists/device-control/software-hardware/intel/isolate.txt;4;0;0
lists/device-control/software-hardware/nvidia/restrict.txt;7;0;0
lists/device-control/software-hardware/nvidia/updates.txt;0;0;0
lists/device-control/software-hardware/nvidia/privacy.txt;7;0;0
lists/device-control/software-hardware/nvidia/isolate.txt;18;0;0
lists/device-control/software-hardware/adobe/restrict.txt;86;0;0
lists/device-control/software-hardware/adobe/updates.txt;0;0;0
lists/device-control/software-hardware/adobe/privacy.txt;60;0;0
lists/device-control/software-hardware/adobe/isolate.txt;354;0;0
lists/device-control/providers/telekom/restrict.txt;61;0;0
lists/device-control/providers/telekom/updates.txt;0;0;0
lists/device-control/providers/telekom/privacy.txt;61;0;0
lists/device-control/providers/telekom/isolate.txt;61;0;0
lists/device-control/providers/1und1/restrict.txt;7;0;0
lists/device-control/providers/1und1/updates.txt;0;0;0
lists/device-control/providers/1und1/privacy.txt;7;0;0
lists/device-control/providers/1und1/isolate.txt;7;0;0
lists/device-control/providers/o2/restrict.txt;18;0;0
lists/device-control/providers/o2/updates.txt;0;0;0
lists/device-control/providers/o2/privacy.txt;18;0;0
lists/device-control/providers/o2/isolate.txt;18;0;0
lists/device-control/providers/vodafone/restrict.txt;81;0;0
lists/device-control/providers/vodafone/updates.txt;3;0;0
lists/device-control/providers/vodafone/privacy.txt;81;0;0
lists/device-control/providers/vodafone/isolate.txt;81;0;0
lists/device-control/providers/unitymedia/restrict.txt;4;0;0
lists/device-control/providers/unitymedia/updates.txt;0;0;0
lists/device-control/providers/unitymedia/privacy.txt;4;0;0
lists/device-control/providers/unitymedia/isolate.txt;4;0;0
lists/device-control/providers/deutsche-glasfaser/restrict.txt;6;0;0
lists/device-control/providers/deutsche-glasfaser/updates.txt;0;0;0
lists/device-control/providers/deutsche-glasfaser/privacy.txt;6;0;0
lists/device-control/providers/deutsche-glasfaser/isolate.txt;6;0;0
lists/device-control/iot-smart-home/amazon-alexa/restrict.txt;259;0;0
lists/device-control/iot-smart-home/amazon-alexa/updates.txt;4;0;0
lists/device-control/iot-smart-home/amazon-alexa/privacy.txt;13;0;0
lists/device-control/iot-smart-home/amazon-alexa/isolate.txt;771;0;0
lists/device-control/iot-smart-home/samsung-smartthings/restrict.txt;74;0;0
lists/device-control/iot-smart-home/samsung-smartthings/updates.txt;1;0;0
lists/device-control/iot-smart-home/samsung-smartthings/privacy.txt;4;0;0
lists/device-control/iot-smart-home/samsung-smartthings/isolate.txt;307;0;0
lists/device-control/iot-smart-home/sonos/restrict.txt;2;0;0
lists/device-control/iot-smart-home/sonos/updates.txt;0;0;0
lists/device-control/iot-smart-home/sonos/privacy.txt;2;0;0
lists/device-control/iot-smart-home/sonos/isolate.txt;2;0;0
lists/device-control/iot-smart-home/shared-other/restrict.txt;20;0;0
lists/device-control/iot-smart-home/shared-other/updates.txt;0;0;0
lists/device-control/iot-smart-home/shared-other/privacy.txt;20;0;0
lists/device-control/iot-smart-home/shared-other/isolate.txt;20;0;0
lists/device-control/iot-smart-home/xiaomi/restrict.txt;94;0;0
lists/device-control/iot-smart-home/xiaomi/updates.txt;7;0;0
lists/device-control/iot-smart-home/xiaomi/privacy.txt;9;0;0
lists/device-control/iot-smart-home/xiaomi/isolate.txt;582;0;0
lists/device-control/iot-smart-home/huawei/restrict.txt;72;0;0
lists/device-control/iot-smart-home/huawei/updates.txt;0;0;0
lists/device-control/iot-smart-home/huawei/privacy.txt;37;0;0
lists/device-control/iot-smart-home/huawei/isolate.txt;75;0;0
lists/device-control/mobile/samsung/restrict.txt;74;0;0
lists/device-control/mobile/samsung/updates.txt;1;0;0
lists/device-control/mobile/samsung/privacy.txt;4;0;0
lists/device-control/mobile/samsung/isolate.txt;307;0;0
lists/device-control/mobile/vivo/restrict.txt;53;0;0
lists/device-control/mobile/vivo/updates.txt;0;0;0
lists/device-control/mobile/vivo/privacy.txt;53;0;0
lists/device-control/mobile/vivo/isolate.txt;53;0;0
lists/device-control/mobile/oneplus/restrict.txt;8;0;0
lists/device-control/mobile/oneplus/updates.txt;0;0;0
lists/device-control/mobile/oneplus/privacy.txt;8;0;0
lists/device-control/mobile/oneplus/isolate.txt;8;0;0
lists/device-control/mobile/google-pixel/restrict.txt;377;0;0
lists/device-control/mobile/google-pixel/updates.txt;11;0;0
lists/device-control/mobile/google-pixel/privacy.txt;18;0;0
lists/device-control/mobile/google-pixel/isolate.txt;14488;0;0
lists/device-control/mobile/shared-other/restrict.txt;582;0;0
lists/device-control/mobile/shared-other/updates.txt;0;0;0
lists/device-control/mobile/shared-other/privacy.txt;582;0;0
lists/device-control/mobile/shared-other/isolate.txt;582;0;0
lists/device-control/mobile/oppo-realme/restrict.txt;161;0;0
lists/device-control/mobile/oppo-realme/updates.txt;0;0;0
lists/device-control/mobile/oppo-realme/privacy.txt;161;0;0
lists/device-control/mobile/oppo-realme/isolate.txt;161;0;0
lists/device-control/mobile/apple-ios/restrict.txt;210;0;0
lists/device-control/mobile/apple-ios/updates.txt;7;0;0
lists/device-control/mobile/apple-ios/privacy.txt;121;0;0
lists/device-control/mobile/apple-ios/isolate.txt;338;0;0
lists/device-control/mobile/google-android/restrict.txt;377;0;0
lists/device-control/mobile/google-android/updates.txt;11;0;0
lists/device-control/mobile/google-android/privacy.txt;18;0;0
lists/device-control/mobile/google-android/isolate.txt;14488;0;0
lists/device-control/mobile/xiaomi/restrict.txt;94;0;0
lists/device-control/mobile/xiaomi/updates.txt;7;0;0
lists/device-control/mobile/xiaomi/privacy.txt;9;0;0
lists/device-control/mobile/xiaomi/isolate.txt;582;0;0
lists/device-control/mobile/motorola/restrict.txt;31;0;0
lists/device-control/mobile/motorola/updates.txt;1;0;0
lists/device-control/mobile/motorola/privacy.txt;31;0;0
lists/device-control/mobile/motorola/isolate.txt;31;0;0
lists/device-control/mobile/huawei/restrict.txt;72;0;0
lists/device-control/mobile/huawei/updates.txt;0;0;0
lists/device-control/mobile/huawei/privacy.txt;38;0;0
lists/device-control/mobile/huawei/isolate.txt;75;0;0
lists/device-control/nas-server/docker/restrict.txt;16;0;0
lists/device-control/nas-server/docker/updates.txt;0;0;0
lists/device-control/nas-server/docker/privacy.txt;16;0;0
lists/device-control/nas-server/docker/isolate.txt;16;0;0
lists/device-control/nas-server/redhat-openshift/restrict.txt;5;0;0
lists/device-control/nas-server/redhat-openshift/updates.txt;0;0;0
lists/device-control/nas-server/redhat-openshift/privacy.txt;5;0;0
lists/device-control/nas-server/redhat-openshift/isolate.txt;5;0;0
lists/device-control/nas-server/hpe-dell/restrict.txt;5;0;0
lists/device-control/nas-server/hpe-dell/updates.txt;0;0;0
lists/device-control/nas-server/hpe-dell/privacy.txt;5;0;0
lists/device-control/nas-server/hpe-dell/isolate.txt;5;0;0
lists/device-control/nas-server/truenas/restrict.txt;3;0;0
lists/device-control/nas-server/truenas/updates.txt;0;0;0
lists/device-control/nas-server/truenas/privacy.txt;3;0;0
lists/device-control/nas-server/truenas/isolate.txt;3;0;0
lists/device-control/nas-server/unraid/restrict.txt;2;0;0
lists/device-control/nas-server/unraid/updates.txt;0;0;0
lists/device-control/nas-server/unraid/privacy.txt;2;0;0
lists/device-control/nas-server/unraid/isolate.txt;2;0;0
lists/device-control/nas-server/kubernetes/restrict.txt;25;0;0
lists/device-control/nas-server/kubernetes/updates.txt;0;0;0
lists/device-control/nas-server/kubernetes/privacy.txt;25;0;0
lists/device-control/nas-server/kubernetes/isolate.txt;25;0;0
lists/device-control/nas-server/qnap/restrict.txt;6;0;0
lists/device-control/nas-server/qnap/updates.txt;0;0;0
lists/device-control/nas-server/qnap/privacy.txt;6;0;0
lists/device-control/nas-server/qnap/isolate.txt;6;0;0
lists/device-control/nas-server/synology/restrict.txt;3;0;0
lists/device-control/nas-server/synology/updates.txt;0;0;0
lists/device-control/nas-server/synology/privacy.txt;3;0;0
lists/device-control/nas-server/synology/isolate.txt;3;0;0
lists/device-control/automotive/audi/restrict.txt;491;0;0
lists/device-control/automotive/audi/updates.txt;4;0;0
lists/device-control/automotive/audi/privacy.txt;491;0;0
lists/device-control/automotive/audi/isolate.txt;491;0;0
lists/device-control/automotive/ford/restrict.txt;31;0;0
lists/device-control/automotive/ford/updates.txt;0;0;0
lists/device-control/automotive/ford/privacy.txt;31;0;0
lists/device-control/automotive/ford/isolate.txt;31;0;0
lists/device-control/automotive/mercedes/restrict.txt;33;0;0
lists/device-control/automotive/mercedes/updates.txt;0;0;0
lists/device-control/automotive/mercedes/privacy.txt;33;0;0
lists/device-control/automotive/mercedes/isolate.txt;33;0;0
lists/device-control/automotive/tesla/restrict.txt;12;0;0
lists/device-control/automotive/tesla/updates.txt;0;0;0
lists/device-control/automotive/tesla/privacy.txt;12;0;0
lists/device-control/automotive/tesla/isolate.txt;12;0;0
lists/device-control/automotive/bmw/restrict.txt;53;0;0
lists/device-control/automotive/bmw/updates.txt;0;0;0
lists/device-control/automotive/bmw/privacy.txt;53;0;0
lists/device-control/automotive/bmw/isolate.txt;53;0;0
lists/device-control/automotive/vw/restrict.txt;45;0;0
lists/device-control/automotive/vw/updates.txt;0;0;0
lists/device-control/automotive/vw/privacy.txt;45;0;0
lists/device-control/automotive/vw/isolate.txt;45;0;0
lists/device-control/network-devices/avm-fritzbox/restrict.txt;1;0;0
lists/device-control/network-devices/avm-fritzbox/updates.txt;0;0;0
lists/device-control/network-devices/avm-fritzbox/privacy.txt;1;0;0
lists/device-control/network-devices/avm-fritzbox/isolate.txt;1;0;0
lists/device-control/network-devices/zyxel/restrict.txt;1;0;0
lists/device-control/network-devices/zyxel/updates.txt;0;0;0
lists/device-control/network-devices/zyxel/privacy.txt;1;0;0
lists/device-control/network-devices/zyxel/isolate.txt;1;0;0
lists/device-control/network-devices/cisco/restrict.txt;29;0;0
lists/device-control/network-devices/cisco/updates.txt;0;0;0
lists/device-control/network-devices/cisco/privacy.txt;29;0;0
lists/device-control/network-devices/cisco/isolate.txt;29;0;0
lists/device-control/network-devices/tp-link/restrict.txt;17;0;0
lists/device-control/network-devices/tp-link/updates.txt;0;0;0
lists/device-control/network-devices/tp-link/privacy.txt;17;0;0
lists/device-control/network-devices/tp-link/isolate.txt;17;0;0
lists/device-control/network-devices/netgear/restrict.txt;4;0;0
lists/device-control/network-devices/netgear/updates.txt;0;0;0
lists/device-control/network-devices/netgear/privacy.txt;4;0;0
lists/device-control/network-devices/netgear/isolate.txt;4;0;0
lists/device-control/network-devices/asus/restrict.txt;29;0;0
lists/device-control/network-devices/asus/updates.txt;0;0;0
lists/device-control/network-devices/asus/privacy.txt;29;0;0
lists/device-control/network-devices/asus/isolate.txt;29;0;0
lists/device-control/network-devices/huawei/restrict.txt;58;0;0
lists/device-control/network-devices/huawei/updates.txt;0;0;0
lists/device-control/network-devices/huawei/privacy.txt;18;0;0
lists/device-control/network-devices/huawei/isolate.txt;58;0;0
lists/device-control/network-devices/ubiquiti/restrict.txt;301;0;0
lists/device-control/network-devices/ubiquiti/updates.txt;2;0;0
lists/device-control/network-devices/ubiquiti/privacy.txt;301;0;0
lists/device-control/network-devices/ubiquiti/isolate.txt;301;0;0
lists/device-control/network-devices/mikrotik/restrict.txt;1;0;0
lists/device-control/network-devices/mikrotik/updates.txt;1;0;0
lists/device-control/network-devices/mikrotik/privacy.txt;1;0;0
lists/device-control/network-devices/mikrotik/isolate.txt;1;0;0
lists/device-control/manufacturers/lg/restrict.txt;4;0;0
lists/device-control/manufacturers/lg/updates.txt;0;0;0
lists/device-control/manufacturers/lg/privacy.txt;4;0;0
lists/device-control/manufacturers/lg/isolate.txt;601;0;0
lists/device-control/manufacturers/ea/restrict.txt;40;0;0
lists/device-control/manufacturers/ea/updates.txt;0;0;0
lists/device-control/manufacturers/ea/privacy.txt;36;0;0
lists/device-control/manufacturers/ea/isolate.txt;298;0;0
lists/device-control/manufacturers/autodesk/restrict.txt;5;0;0
lists/device-control/manufacturers/autodesk/updates.txt;0;0;0
lists/device-control/manufacturers/autodesk/privacy.txt;3;0;0
lists/device-control/manufacturers/autodesk/isolate.txt;15;0;0
lists/device-control/manufacturers/logitech/restrict.txt;4;0;0
lists/device-control/manufacturers/logitech/updates.txt;0;0;0
lists/device-control/manufacturers/logitech/privacy.txt;4;0;0
lists/device-control/manufacturers/logitech/isolate.txt;15;0;0
lists/device-control/manufacturers/epic/restrict.txt;4;0;0
lists/device-control/manufacturers/epic/updates.txt;0;0;0
lists/device-control/manufacturers/epic/privacy.txt;4;0;0
lists/device-control/manufacturers/epic/isolate.txt;8;0;0
lists/device-control/manufacturers/apple/restrict.txt;159;0;0
lists/device-control/manufacturers/apple/updates.txt;7;0;0
lists/device-control/manufacturers/apple/privacy.txt;80;0;0
lists/device-control/manufacturers/apple/isolate.txt;335;0;0
lists/device-control/manufacturers/ubisoft/restrict.txt;0;0;0
lists/device-control/manufacturers/ubisoft/updates.txt;0;0;0
lists/device-control/manufacturers/ubisoft/privacy.txt;0;0;0
lists/device-control/manufacturers/ubisoft/isolate.txt;6;0;0
lists/device-control/manufacturers/samsung/restrict.txt;83;0;0
lists/device-control/manufacturers/samsung/updates.txt;1;0;0
lists/device-control/manufacturers/samsung/privacy.txt;53;0;0
lists/device-control/manufacturers/samsung/isolate.txt;307;0;0
lists/device-control/manufacturers/google/restrict.txt;365;0;0
lists/device-control/manufacturers/google/updates.txt;11;0;0
lists/device-control/manufacturers/google/privacy.txt;343;0;0
lists/device-control/manufacturers/google/isolate.txt;14478;0;0
lists/device-control/manufacturers/razer/restrict.txt;2;0;0
lists/device-control/manufacturers/razer/updates.txt;0;0;0
lists/device-control/manufacturers/razer/privacy.txt;2;0;0
lists/device-control/manufacturers/razer/isolate.txt;8;0;0
lists/device-control/manufacturers/amd/restrict.txt;1;0;0
lists/device-control/manufacturers/amd/updates.txt;0;0;0
lists/device-control/manufacturers/amd/privacy.txt;1;0;0
lists/device-control/manufacturers/amd/isolate.txt;5;0;0
lists/device-control/manufacturers/sony/restrict.txt;88;0;0
lists/device-control/manufacturers/sony/updates.txt;0;0;0
lists/device-control/manufacturers/sony/privacy.txt;88;0;0
lists/device-control/manufacturers/sony/isolate.txt;143;0;0
lists/device-control/manufacturers/nvidia/restrict.txt;5;0;0
lists/device-control/manufacturers/nvidia/updates.txt;0;0;0
lists/device-control/manufacturers/nvidia/privacy.txt;5;0;0
lists/device-control/manufacturers/nvidia/isolate.txt;17;0;0
lists/device-control/manufacturers/adobe/restrict.txt;91;0;0
lists/device-control/manufacturers/adobe/updates.txt;0;0;0
lists/device-control/manufacturers/adobe/privacy.txt;69;0;0
lists/device-control/manufacturers/adobe/isolate.txt;354;0;0
lists/device-control/manufacturers/microsoft/restrict.txt;300;0;0
lists/device-control/manufacturers/microsoft/updates.txt;21;0;0
lists/device-control/manufacturers/microsoft/privacy.txt;262;0;0
lists/device-control/manufacturers/microsoft/isolate.txt;762;0;0
lists/device-control/manufacturers/meta/restrict.txt;34;0;0
lists/device-control/manufacturers/meta/updates.txt;2;0;0
lists/device-control/manufacturers/meta/privacy.txt;31;0;0
lists/device-control/manufacturers/meta/isolate.txt;111;0;0
lists/device-control/manufacturers/amazon/restrict.txt;288;0;0
lists/device-control/manufacturers/amazon/updates.txt;4;0;0
lists/device-control/manufacturers/amazon/privacy.txt;268;0;0
lists/device-control/manufacturers/amazon/isolate.txt;768;0;0
lists/device-control/manufacturers/xiaomi/restrict.txt;110;0;0
lists/device-control/manufacturers/xiaomi/updates.txt;7;0;0
lists/device-control/manufacturers/xiaomi/privacy.txt;36;0;0
lists/device-control/manufacturers/xiaomi/isolate.txt;582;0;0
lists/device-control/manufacturers/huawei/restrict.txt;55;0;0
lists/device-control/manufacturers/huawei/updates.txt;0;0;0
lists/device-control/manufacturers/huawei/privacy.txt;21;0;0
lists/device-control/manufacturers/huawei/isolate.txt;58;0;0
lists/device-control/manufacturers/nintendo/restrict.txt;2;0;0
lists/device-control/manufacturers/nintendo/updates.txt;0;0;0
lists/device-control/manufacturers/nintendo/privacy.txt;2;0;0
lists/device-control/manufacturers/nintendo/isolate.txt;10;0;0
lists/device-control/manufacturers/valve-steam/restrict.txt;9;0;0
lists/device-control/manufacturers/valve-steam/updates.txt;0;0;0
lists/device-control/manufacturers/valve-steam/privacy.txt;6;0;0
lists/device-control/manufacturers/valve-steam/isolate.txt;49;0;0
lists/device-control/manufacturers/philips/restrict.txt;61;0;0
lists/device-control/manufacturers/philips/updates.txt;0;0;0
lists/device-control/manufacturers/philips/privacy.txt;61;0;0
lists/device-control/manufacturers/philips/isolate.txt;73;0;0
lists/device-control/voice-assistants/siri/restrict.txt;185;0;0
lists/device-control/voice-assistants/siri/updates.txt;8;0;0
lists/device-control/voice-assistants/siri/privacy.txt;27;0;0
lists/device-control/voice-assistants/siri/isolate.txt;362;0;0
lists/device-control/voice-assistants/alexa/restrict.txt;311;0;0
lists/device-control/voice-assistants/alexa/updates.txt;4;0;0
lists/device-control/voice-assistants/alexa/privacy.txt;82;0;0
lists/device-control/voice-assistants/alexa/isolate.txt;768;0;0
lists/device-control/voice-assistants/cortana/restrict.txt;245;0;0
lists/device-control/voice-assistants/cortana/updates.txt;21;0;0
lists/device-control/voice-assistants/cortana/privacy.txt;13;0;0
lists/device-control/voice-assistants/cortana/isolate.txt;774;0;0
lists/device-control/voice-assistants/google-assistant/restrict.txt;365;0;0
lists/device-control/voice-assistants/google-assistant/updates.txt;11;0;0
lists/device-control/voice-assistants/google-assistant/privacy.txt;3;0;0
lists/device-control/voice-assistants/google-assistant/isolate.txt;14481;0;0
lists/device-control/ecosystems/apple/restrict.txt;333;0;0
lists/device-control/ecosystems/apple/updates.txt;7;0;0
lists/device-control/ecosystems/apple/privacy.txt;333;0;0
lists/device-control/ecosystems/apple/isolate.txt;338;0;0
lists/device-control/ecosystems/google/restrict.txt;13872;0;0
lists/device-control/ecosystems/google/updates.txt;11;0;0
lists/device-control/ecosystems/google/privacy.txt;13584;0;0
lists/device-control/ecosystems/google/isolate.txt;14480;0;0
lists/device-control/ecosystems/microsoft/restrict.txt;769;0;0
lists/device-control/ecosystems/microsoft/updates.txt;21;0;0
lists/device-control/ecosystems/microsoft/privacy.txt;769;0;0
lists/device-control/ecosystems/microsoft/isolate.txt;777;0;0
lists/device-control/ecosystems/amazon/restrict.txt;775;0;0
lists/device-control/ecosystems/amazon/updates.txt;4;0;0
lists/device-control/ecosystems/amazon/privacy.txt;775;0;0
lists/device-control/ecosystems/amazon/isolate.txt;775;0;0
lists/device-control/operating-systems/windows/restrict.txt;278;0;0
lists/device-control/operating-systems/windows/updates.txt;21;0;0
lists/device-control/operating-systems/windows/privacy.txt;54;0;0
lists/device-control/operating-systems/windows/isolate.txt;793;0;0
lists/device-control/operating-systems/macos/restrict.txt;210;0;0
lists/device-control/operating-systems/macos/updates.txt;7;0;0
lists/device-control/operating-systems/macos/privacy.txt;91;0;0
lists/device-control/operating-systems/macos/isolate.txt;338;0;0
lists/device-control/operating-systems/linux/restrict.txt;3;0;0
lists/device-control/operating-systems/linux/updates.txt;0;0;0
lists/device-control/operating-systems/linux/privacy.txt;3;0;0
lists/device-control/operating-systems/linux/isolate.txt;3;0;0
lists/device-control/operating-systems/apple/restrict.txt;230;0;0
lists/device-control/operating-systems/apple/updates.txt;7;0;0
lists/device-control/operating-systems/apple/privacy.txt;119;0;0
lists/device-control/operating-systems/apple/isolate.txt;358;0;0
lists/device-control/operating-systems/chromeos/restrict.txt;363;0;0
lists/device-control/operating-systems/chromeos/updates.txt;11;0;0
lists/device-control/operating-systems/chromeos/privacy.txt;1;0;0
lists/device-control/operating-systems/chromeos/isolate.txt;14479;0;0
lists/device-control/operating-systems/ios/restrict.txt;211;0;0
lists/device-control/operating-systems/ios/updates.txt;7;0;0
lists/device-control/operating-systems/ios/privacy.txt;92;0;0
lists/device-control/operating-systems/ios/isolate.txt;339;0;0
lists/device-control/operating-systems/android/restrict.txt;488;0;0
lists/device-control/operating-systems/android/updates.txt;11;0;0
lists/device-control/operating-systems/android/privacy.txt;135;0;0
lists/device-control/operating-systems/android/isolate.txt;14598;0;0
lists/device-control/smart-tv/roku/restrict.txt;13;0;0
lists/device-control/smart-tv/roku/updates.txt;0;0;0
lists/device-control/smart-tv/roku/privacy.txt;13;0;0
lists/device-control/smart-tv/roku/isolate.txt;13;0;0
lists/device-control/smart-tv/google-android-tv/restrict.txt;364;0;0
lists/device-control/smart-tv/google-android-tv/updates.txt;11;0;0
lists/device-control/smart-tv/google-android-tv/privacy.txt;2;0;0
lists/device-control/smart-tv/google-android-tv/isolate.txt;14479;0;0
lists/device-control/smart-tv/samsung/restrict.txt;116;0;0
lists/device-control/smart-tv/samsung/updates.txt;1;0;0
lists/device-control/smart-tv/samsung/privacy.txt;51;0;0
lists/device-control/smart-tv/samsung/isolate.txt;347;0;0
lists/device-control/smart-tv/panasonic/restrict.txt;15;0;0
lists/device-control/smart-tv/panasonic/updates.txt;0;0;0
lists/device-control/smart-tv/panasonic/privacy.txt;15;0;0
lists/device-control/smart-tv/panasonic/isolate.txt;15;0;0
lists/device-control/smart-tv/amazon-fire-tv/restrict.txt;265;0;0
lists/device-control/smart-tv/amazon-fire-tv/updates.txt;4;0;0
lists/device-control/smart-tv/amazon-fire-tv/privacy.txt;19;0;0
lists/device-control/smart-tv/amazon-fire-tv/isolate.txt;776;0;0
lists/device-control/smart-tv/sony-bravia/restrict.txt;91;0;0
lists/device-control/smart-tv/sony-bravia/updates.txt;0;0;0
lists/device-control/smart-tv/sony-bravia/privacy.txt;4;0;0
lists/device-control/smart-tv/sony-bravia/isolate.txt;147;0;0
lists/device-control/smart-tv/shared-other/restrict.txt;103;0;0
lists/device-control/smart-tv/shared-other/updates.txt;1;0;0
lists/device-control/smart-tv/shared-other/privacy.txt;103;0;0
lists/device-control/smart-tv/shared-other/isolate.txt;103;0;0
lists/device-control/smart-tv/hisense-vidaa/restrict.txt;11;0;0
lists/device-control/smart-tv/hisense-vidaa/updates.txt;0;0;0
lists/device-control/smart-tv/hisense-vidaa/privacy.txt;11;0;0
lists/device-control/smart-tv/hisense-vidaa/isolate.txt;11;0;0
lists/device-control/smart-tv/lg-webos/restrict.txt;358;0;0
lists/device-control/smart-tv/lg-webos/updates.txt;0;0;0
lists/device-control/smart-tv/lg-webos/privacy.txt;355;0;0
lists/device-control/smart-tv/lg-webos/isolate.txt;620;0;0
lists/device-control/smart-tv/philips/restrict.txt;73;0;0
lists/device-control/smart-tv/philips/updates.txt;0;0;0
lists/device-control/smart-tv/philips/privacy.txt;73;0;0
lists/device-control/smart-tv/philips/isolate.txt;73;0;0
lists/device-control/smart-tv/google-tv/restrict.txt;364;0;0
lists/device-control/smart-tv/google-tv/updates.txt;11;0;0
lists/device-control/smart-tv/google-tv/privacy.txt;2;0;0
lists/device-control/smart-tv/google-tv/isolate.txt;14479;0;0
lists/device-control/smart-tv/tcl/restrict.txt;2;0;0
lists/device-control/smart-tv/tcl/updates.txt;0;0;0
lists/device-control/smart-tv/tcl/privacy.txt;2;0;0
lists/device-control/smart-tv/tcl/isolate.txt;2;0;0
lists/service-blocking/gaming/mobile-games/block-all.txt;3;0;0
lists/service-blocking/gaming/mobile-games/privacy.txt;3;0;0
lists/service-blocking/gaming/ubisoft/block-all.txt;8;0;0
lists/service-blocking/gaming/ubisoft/privacy.txt;6;0;0
lists/service-blocking/gaming/epic-games/block-all.txt;11;0;0
lists/service-blocking/gaming/epic-games/privacy.txt;7;0;0
lists/service-blocking/gaming/playstation/block-all.txt;13;0;0
lists/service-blocking/gaming/playstation/privacy.txt;10;0;0
lists/service-blocking/gaming/xbox/block-all.txt;11;0;0
lists/service-blocking/gaming/xbox/privacy.txt;8;0;0
lists/service-blocking/gaming/rockstar/block-all.txt;5;0;0
lists/service-blocking/gaming/rockstar/privacy.txt;3;0;0
lists/service-blocking/gaming/game-analytics/privacy.txt;27;0;0
lists/service-blocking/gaming/anti-cheat-telemetry/privacy.txt;1;0;0
lists/service-blocking/gaming/ea-origin/block-all.txt;303;0;0
lists/service-blocking/gaming/ea-origin/privacy.txt;300;0;0
lists/service-blocking/gaming/steam/block-all.txt;54;0;0
lists/service-blocking/gaming/steam/privacy.txt;1;0;0
lists/service-blocking/gaming/battle-net/block-all.txt;8;0;0
lists/service-blocking/gaming/battle-net/privacy.txt;5;0;0
lists/service-blocking/gaming/nintendo/block-all.txt;13;0;0
lists/service-blocking/gaming/nintendo/privacy.txt;5;0;0
lists/service-blocking/gaming/riot-games/block-all.txt;5;0;0
lists/service-blocking/gaming/riot-games/privacy.txt;2;0;0
lists/service-blocking/cloud-development/github/block-all.txt;24;0;0
lists/service-blocking/cloud-development/github/privacy.txt;24;0;0
lists/service-blocking/cloud-development/jetbrains/block-all.txt;2;0;0
lists/service-blocking/cloud-development/jetbrains/privacy.txt;2;0;0
lists/service-blocking/cloud-development/cicd/block-all.txt;8;0;0
lists/service-blocking/cloud-development/cicd/privacy.txt;8;0;0
lists/service-blocking/cloud-development/oracle-cloud/block-all.txt;8;0;0
lists/service-blocking/cloud-development/oracle-cloud/privacy.txt;8;0;0
lists/service-blocking/cloud-development/cloudflare/block-all.txt;42;0;0
lists/service-blocking/cloud-development/cloudflare/privacy.txt;42;0;0
lists/service-blocking/cloud-development/google-cloud/block-all.txt;49;0;0
lists/service-blocking/cloud-development/google-cloud/privacy.txt;49;0;0
lists/service-blocking/cloud-development/vscode/block-all.txt;4;0;0
lists/service-blocking/cloud-development/vscode/privacy.txt;4;0;0
lists/service-blocking/cloud-development/visual-studio/block-all.txt;3;0;0
lists/service-blocking/cloud-development/visual-studio/privacy.txt;3;0;0
lists/service-blocking/cloud-development/aws/block-all.txt;570;0;0
lists/service-blocking/cloud-development/aws/privacy.txt;570;0;0
lists/service-blocking/cloud-development/gitlab/block-all.txt;7;0;0
lists/service-blocking/cloud-development/gitlab/privacy.txt;7;0;0
lists/service-blocking/cloud-development/cloud-storage/block-all.txt;563;0;0
lists/service-blocking/cloud-development/cloud-storage/privacy.txt;563;0;0
lists/service-blocking/cloud-development/azure/block-all.txt;214;0;0
lists/service-blocking/cloud-development/azure/privacy.txt;214;0;0
lists/service-blocking/streaming/spotify/block-all.txt;190;0;0
lists/service-blocking/streaming/spotify/privacy.txt;185;0;0
lists/service-blocking/streaming/apple-tv/block-all.txt;18;0;0
lists/service-blocking/streaming/apple-tv/privacy.txt;18;0;0
lists/service-blocking/streaming/disney-plus/block-all.txt;10;0;0
lists/service-blocking/streaming/disney-plus/privacy.txt;6;0;0
lists/service-blocking/streaming/netflix/block-all.txt;32;0;0
lists/service-blocking/streaming/netflix/privacy.txt;25;0;0
lists/service-blocking/streaming/plex/block-all.txt;7;0;0
lists/service-blocking/streaming/plex/privacy.txt;3;0;0
lists/service-blocking/streaming/paramount/block-all.txt;13;0;0
lists/service-blocking/streaming/paramount/privacy.txt;9;0;0
lists/service-blocking/streaming/youtube/block-all.txt;32;0;0
lists/service-blocking/streaming/youtube/privacy.txt;25;0;0
lists/service-blocking/streaming/emby/block-all.txt;4;0;0
lists/service-blocking/streaming/emby/privacy.txt;2;0;0
lists/service-blocking/streaming/jellyfin/block-all.txt;3;0;0
lists/service-blocking/streaming/jellyfin/privacy.txt;1;0;0
lists/service-blocking/streaming/prime-video/block-all.txt;6;0;0
lists/service-blocking/streaming/prime-video/privacy.txt;2;0;0
lists/service-blocking/streaming/twitch/block-all.txt;29;0;0
lists/service-blocking/streaming/twitch/privacy.txt;22;0;0
lists/service-blocking/streaming/dazn/block-all.txt;5;0;0
lists/service-blocking/streaming/dazn/privacy.txt;3;0;0
lists/service-blocking/social-media/facebook-meta/block-all.txt;138;0;0
lists/service-blocking/social-media/facebook-meta/privacy.txt;82;0;0
lists/service-blocking/social-media/linkedin/block-all.txt;27;0;0
lists/service-blocking/social-media/linkedin/privacy.txt;23;0;0
lists/service-blocking/social-media/whatsapp/block-all.txt;25;0;0
lists/service-blocking/social-media/whatsapp/privacy.txt;20;0;0
lists/service-blocking/social-media/pinterest/block-all.txt;16;0;0
lists/service-blocking/social-media/pinterest/privacy.txt;12;0;0
lists/service-blocking/social-media/discord/block-all.txt;17;0;0
lists/service-blocking/social-media/discord/privacy.txt;9;0;0
lists/service-blocking/social-media/reddit/block-all.txt;31;0;0
lists/service-blocking/social-media/reddit/privacy.txt;25;0;0
lists/service-blocking/social-media/tiktok/block-all.txt;67;0;0
lists/service-blocking/social-media/tiktok/privacy.txt;61;0;0
lists/service-blocking/social-media/x-twitter/block-all.txt;21128;0;0
lists/service-blocking/social-media/x-twitter/privacy.txt;21121;0;0
lists/service-blocking/social-media/telegram/block-all.txt;251;0;0
lists/service-blocking/social-media/telegram/privacy.txt;246;0;0
lists/service-blocking/social-media/threads/block-all.txt;12;0;0
lists/service-blocking/social-media/threads/privacy.txt;10;0;0
lists/service-blocking/social-media/instagram/block-all.txt;16;0;0
lists/service-blocking/social-media/instagram/privacy.txt;12;0;0
lists/service-blocking/social-media/snapchat/block-all.txt;15;0;0
lists/service-blocking/social-media/snapchat/privacy.txt;11;0;0
